{
 "mean_d2s": 1.0570707295480182,
 "mean_s2d": 0.6631349490042431,
 "overall": 0.8601028392761306,
 "psnr": 0,
 "l1": 0
}